id;nimi;profiilikuva;profiilikuva_content_type;kieli
1;deposit;../fake-data/blob/hipster.png;image/png;RUOTSI
2;Incredible Concrete Pizza;../fake-data/blob/hipster.png;image/png;ENGLANTI
3;quantifying backing up;../fake-data/blob/hipster.png;image/png;RUOTSI
4;reboot paradigms;../fake-data/blob/hipster.png;image/png;SUOMI
5;dynamic;../fake-data/blob/hipster.png;image/png;SUOMI
6;solutions e-enable;../fake-data/blob/hipster.png;image/png;SUOMI
7;enterprise Applications Technician;../fake-data/blob/hipster.png;image/png;ENGLANTI
8;Ville even-keeled Vermont;../fake-data/blob/hipster.png;image/png;SUOMI
9;Seychelles Berkshire strategize;../fake-data/blob/hipster.png;image/png;SUOMI
10;connecting;../fake-data/blob/hipster.png;image/png;SUOMI
