id;ensisijainen;osoiterivi_1;osoiterivi_2;osoiterivi_3;kunta;postinumero;maakunta;maa
1;false;Incredible;Missouri Analyst core;algorithm Pula;Handcrafted Cotton Table;30894;indexing parsing;alarm payment
2;true;Macao Awesome Concrete Chips;Product;Soap generating;Avon;1725;Assistant ROI;Open-source
3;false;Generic channels task-force;deposit SQL Zloty;array Assurance Borders;Plastic portals static;83038;payment Credit Card Account Arkansas;Baby
4;true;index Avon Associate;Borders Savings Account connect;Future;alliance Inlet communities;27692;hacking Latvia;hierarchy azure Bedfordshire
5;true;West Virginia neutral;Unbranded seamless;integrated applications;local area network;25752;overriding Investor;copy Wooden
6;false;Incredible Frozen Salad;SMS Chair plug-and-play;Borders;Faroe Islands transmitting quantify;62628;Tasty Fresh Mouse Tennessee CSS;alarm brand Usability
7;true;Ball;Intelligent Fresh Towels vertical tan;Rubber Iranian Rial;Tactics Ville;44954;Identity Supervisor compelling;next-generation
8;false;Wooden Group;program Tala;Unbranded Car;Outdoors Representative niches;30369;user-facing;Security incubate Mandatory
9;false;Spring;Islands expedite function;Chair invoice Mouse;synthesizing Gorgeous;11175;synthesize;bifurcated
10;false;GB;Grocery Jewelery;responsive vertical Codes specifically reserved for testing purposes;Kids;53604;contingency;Handcrafted Steel Chair Nebraska
